app_id,app_name,category,what_it_does,auth_methods,primary_auth_for_toolkit,auth_complexity,access_model,access_notes,public_api,api_protocols,api_breadth,api_surface_summary,mcp_status,mcp_url,buildability_verdict,main_blocker,opportunity_score,confidence,confidence_score,verification_status,human_review_required,developer_docs_url,api_docs_url,auth_docs_url,pricing_or_access_url,evidence_urls,notes_short
1,Salesforce,CRM and Sales,"Salesforce is a CRM and sales platform for managing customer records, deals, and revenue workflows.","OAuth 2.0, JWT bearer flow",OAuth 2.0,complex,admin_or_workspace_dependent,"Credentials appear tied to an org, workspace, tenant, or app installation context.",yes,"REST, SOAP, Webhooks",platform_level,"First-pass API surface classified as platform_level using discovered REST, SOAP, Webhooks source evidence.",none_found,,buildable_with_caveats,admin_setup_required,7,medium,0.68,not_checked,unclear,https://developer.salesforce.com/docs,https://developer.salesforce.com/docs/apis,https://help.salesforce.com/s/articleView?id=sf.remoteaccess_oauth_flows.htm&type=5,https://developer.salesforce.com/signup,https://developer.salesforce.com/docs | https://developer.salesforce.com/docs/apis | https://developer.salesforce.com/signup | https://help.salesforce.com/s/articleView?id=sf.remoteaccess_oauth_flows.htm&type=5 | https://salesforce.com/,buildable_with_caveats; primary blocker is admin_setup_required.
2,HubSpot,CRM and Sales,"HubSpot is a CRM and sales platform for managing customer records, deals, and revenue workflows.","OAuth 2.0, Private app access token",OAuth 2.0,moderate,admin_or_workspace_dependent,"Credentials appear tied to an org, workspace, tenant, or app installation context.",yes,"REST, Webhooks",platform_level,"First-pass API surface classified as platform_level using discovered REST, Webhooks source evidence.",none_found,,buildable_with_caveats,admin_setup_required,7,medium,0.72,corrected,unclear,https://developers.hubspot.com/,https://developers.hubspot.com/docs/api/overview,https://developers.hubspot.com/docs/apps/developer-platform/build-apps/authentication,https://developers.hubspot.com/docs/api/private-apps,https://developers.hubspot.com/ | https://developers.hubspot.com/docs/api/overview | https://developers.hubspot.com/docs/api/private-apps | https://developers.hubspot.com/docs/apps/developer-platform/build-apps/authentication | https://www.hubspot.com/,buildable_with_caveats; primary blocker is admin_setup_required.
3,Pipedrive,CRM and Sales,"Pipedrive is a CRM and sales platform for managing customer records, deals, and revenue workflows.",OAuth 2.0,OAuth 2.0,moderate,self_serve_free_or_trial,First-pass extraction found public developer/API documentation and no obvious discovery-stage sales or partner gate.,yes,"REST, Webhooks",moderate,"First-pass API surface classified as moderate using discovered REST, Webhooks source evidence.",none_found,,buildable_now,none,8,medium,0.68,not_checked,unclear,https://developers.pipedrive.com/docs/api/v1,https://developers.pipedrive.com/docs/api/v1,https://pipedrive.readme.io/docs/marketplace-oauth-authorization,,https://developers.pipedrive.com/docs/api/v1 | https://pipedrive.com/ | https://pipedrive.readme.io/docs/marketplace-oauth-authorization,moderate API surface with self_serve_free_or_trial access; first-pass toolkit candidate.
4,Attio,CRM and Sales,"Attio is a CRM and sales platform for managing customer records, deals, and revenue workflows.",Documented auth flow,Documented auth flow,simple,self_serve_free_or_trial,First-pass extraction found public developer/API documentation and no obvious discovery-stage sales or partner gate.,yes,"REST, Webhooks",moderate,"First-pass API surface classified as moderate using discovered REST, Webhooks source evidence.",none_found,,buildable_now,none,8,medium,0.68,not_checked,unclear,https://docs.attio.com/,https://docs.attio.com/rest-api/overview,https://docs.attio.com/rest-api/authentication,,https://attio.com/ | https://docs.attio.com/ | https://docs.attio.com/rest-api/authentication | https://docs.attio.com/rest-api/overview,moderate API surface with self_serve_free_or_trial access; first-pass toolkit candidate.
5,Twenty,CRM and Sales,"Twenty is a CRM and sales platform for managing customer records, deals, and revenue workflows.",Documented auth flow,Documented auth flow,simple,self_serve_free_or_trial,First-pass extraction found public developer/API documentation and no obvious discovery-stage sales or partner gate.,yes,"REST, Webhooks",moderate,"First-pass API surface classified as moderate using discovered REST, Webhooks source evidence.",none_found,,buildable_now,none,8,medium,0.68,not_checked,unclear,https://twenty.com/developers,https://twenty.com/developers/rest-api,https://twenty.com/developers/section/authentication,,https://twenty.com/ | https://twenty.com/developers | https://twenty.com/developers/rest-api | https://twenty.com/developers/section/authentication,moderate API surface with self_serve_free_or_trial access; first-pass toolkit candidate.
6,Podio,CRM and Sales,"Podio is a CRM and sales platform for managing customer records, deals, and revenue workflows.",OAuth 2.0,OAuth 2.0,moderate,self_serve_free_or_trial,First-pass extraction found public developer/API documentation and no obvious discovery-stage sales or partner gate.,yes,"REST, Webhooks",moderate,"First-pass API surface classified as moderate using discovered REST, Webhooks source evidence.",none_found,,buildable_now,none,8,medium,0.68,not_checked,unclear,https://developers.podio.com/,https://developers.podio.com/doc,https://developers.podio.com/authentication,,https://developers.podio.com/ | https://developers.podio.com/authentication | https://developers.podio.com/doc | https://podio.com/,moderate API surface with self_serve_free_or_trial access; first-pass toolkit candidate.
7,Zoho CRM,CRM and Sales,"Zoho CRM is a CRM and sales platform for managing customer records, deals, and revenue workflows.",OAuth 2.0,OAuth 2.0,moderate,admin_or_workspace_dependent,"Credentials appear tied to an org, workspace, tenant, or app installation context.",yes,"REST, Webhooks",platform_level,"First-pass API surface classified as platform_level using discovered REST, Webhooks source evidence.",none_found,,buildable_with_caveats,admin_setup_required,7,medium,0.68,not_checked,unclear,https://www.zoho.com/crm/developer/docs/,https://www.zoho.com/crm/developer/docs/api/v8/,https://www.zoho.com/accounts/protocol/oauth.html,,https://www.zoho.com/accounts/protocol/oauth.html | https://www.zoho.com/crm/developer/docs/ | https://www.zoho.com/crm/developer/docs/api/v8/ | https://zoho.com/,buildable_with_caveats; primary blocker is admin_setup_required.
8,Close,CRM and Sales,"Close is a CRM and sales platform for managing customer records, deals, and revenue workflows.",API key / bearer token,API key / bearer token,simple,self_serve_free_or_trial,First-pass extraction found public developer/API documentation and no obvious discovery-stage sales or partner gate.,yes,"REST, Webhooks",moderate,"First-pass API surface classified as moderate using discovered REST, Webhooks source evidence.",none_found,,buildable_now,none,8,medium,0.68,not_checked,unclear,https://developer.close.com/,https://developer.close.com/,https://developer.close.com/topics/authentication/,,https://close.com/ | https://developer.close.com/ | https://developer.close.com/topics/authentication/,moderate API surface with self_serve_free_or_trial access; first-pass toolkit candidate.
9,Copper,CRM and Sales,"Copper is a CRM and sales platform for managing customer records, deals, and revenue workflows.",API key / bearer token,API key / bearer token,simple,self_serve_free_or_trial,First-pass extraction found public developer/API documentation and no obvious discovery-stage sales or partner gate.,yes,"REST, Webhooks",moderate,"First-pass API surface classified as moderate using discovered REST, Webhooks source evidence.",none_found,,buildable_now,none,8,medium,0.68,not_checked,unclear,https://developer.copper.com/,https://developer.copper.com/,,,https://copper.com/ | https://developer.copper.com/,moderate API surface with self_serve_free_or_trial access; first-pass toolkit candidate.
10,DealCloud,CRM and Sales,"DealCloud is a CRM and sales platform for managing customer records, deals, and revenue workflows.",unclear,unclear,unclear,self_serve_paid_plan_required,"Likely self-serve API access, but useful access may depend on a paid plan or commercial account.",yes,"REST, Webhooks",moderate,"First-pass API surface classified as moderate using discovered REST, Webhooks source evidence.",none_found,,buildable_with_caveats,paid_plan_required,6,medium,0.68,not_checked,unclear,https://api.docs.dealcloud.com/,https://api.docs.dealcloud.com/,,,https://api.docs.dealcloud.com/ | https://dealcloud.com/,buildable_with_caveats; primary blocker is paid_plan_required.
11,Zendesk,Support and Helpdesk,"Zendesk is a customer support platform for managing conversations, tickets, and service workflows.",OAuth 2.0,OAuth 2.0,moderate,admin_or_workspace_dependent,"Credentials appear tied to an org, workspace, tenant, or app installation context.",yes,"REST, Webhooks",broad,"First-pass API surface classified as broad using discovered REST, Webhooks source evidence.",none_found,,buildable_with_caveats,admin_setup_required,7,high,0.82,pass,no,https://developer.zendesk.com/,https://developer.zendesk.com/api-reference/,https://developer.zendesk.com/documentation/api-basics/authentication/,,https://developer.zendesk.com/ | https://developer.zendesk.com/api-reference/ | https://developer.zendesk.com/documentation/api-basics/authentication/ | https://zendesk.com/,buildable_with_caveats; primary blocker is admin_setup_required.
12,Intercom,Support and Helpdesk,"Intercom is a customer support platform for managing conversations, tickets, and service workflows.",OAuth 2.0,OAuth 2.0,moderate,self_serve_free_or_trial,First-pass extraction found public developer/API documentation and no obvious discovery-stage sales or partner gate.,yes,"REST, Webhooks",broad,"First-pass API surface classified as broad using discovered REST, Webhooks source evidence.",none_found,,buildable_now,none,9,medium,0.68,not_checked,unclear,https://developers.intercom.com/,https://developers.intercom.com/docs/references/rest-api/api.intercom.io/,https://developers.intercom.com/docs/build-an-integration/learn-more/authentication/,,https://developers.intercom.com/ | https://developers.intercom.com/docs/build-an-integration/learn-more/authentication/ | https://developers.intercom.com/docs/references/rest-api/api.intercom.io/ | https://intercom.com/,broad API surface with self_serve_free_or_trial access; first-pass toolkit candidate.
13,Freshdesk,Support and Helpdesk,"Freshdesk is a customer support platform for managing conversations, tickets, and service workflows.",unclear,unclear,unclear,self_serve_free_or_trial,First-pass extraction found public developer/API documentation and no obvious discovery-stage sales or partner gate.,yes,"REST, Webhooks",moderate,"First-pass API surface classified as moderate using discovered REST, Webhooks source evidence.",none_found,,buildable_now,none,8,medium,0.68,not_checked,unclear,https://developers.freshdesk.com/,https://developers.freshdesk.com/api/,,,https://developers.freshdesk.com/ | https://developers.freshdesk.com/api/ | https://freshdesk.com/,moderate API surface with self_serve_free_or_trial access; first-pass toolkit candidate.
14,Front,Support and Helpdesk,"Front is a customer support platform for managing conversations, tickets, and service workflows.",OAuth 2.0,OAuth 2.0,moderate,self_serve_free_or_trial,First-pass extraction found public developer/API documentation and no obvious discovery-stage sales or partner gate.,yes,"REST, Webhooks",moderate,"First-pass API surface classified as moderate using discovered REST, Webhooks source evidence.",none_found,,buildable_now,none,8,medium,0.68,not_checked,unclear,https://dev.frontapp.com/,https://dev.frontapp.com/reference/introduction,https://dev.frontapp.com/docs/oauth,,https://dev.frontapp.com/ | https://dev.frontapp.com/docs/oauth | https://dev.frontapp.com/reference/introduction | https://front.com/,moderate API surface with self_serve_free_or_trial access; first-pass toolkit candidate.
15,Pylon,Support and Helpdesk,"Pylon is a customer support platform for managing conversations, tickets, and service workflows.",unclear,unclear,unclear,self_serve_free_or_trial,First-pass extraction found public developer/API documentation and no obvious discovery-stage sales or partner gate.,yes,"REST, Webhooks",moderate,"First-pass API surface classified as moderate using discovered REST, Webhooks source evidence.",none_found,,buildable_now,none,8,medium,0.68,not_checked,unclear,https://docs.usepylon.com/,https://docs.usepylon.com/reference,,,https://docs.usepylon.com/ | https://docs.usepylon.com/reference | https://usepylon.com/,moderate API surface with self_serve_free_or_trial access; first-pass toolkit candidate.
16,LiveAgent,Support and Helpdesk,"LiveAgent is a customer support platform for managing conversations, tickets, and service workflows.",unclear,unclear,unclear,self_serve_free_or_trial,First-pass extraction found public developer/API documentation and no obvious discovery-stage sales or partner gate.,yes,"REST, Webhooks",moderate,"First-pass API surface classified as moderate using discovered REST, Webhooks source evidence.",none_found,,buildable_now,none,8,medium,0.68,not_checked,unclear,https://support.liveagent.com/061754-API,https://support.liveagent.com/061754-API,,,https://liveagent.com/ | https://support.liveagent.com/061754-API,moderate API surface with self_serve_free_or_trial access; first-pass toolkit candidate.
17,Plain,Support and Helpdesk,"Plain is a customer support platform for managing conversations, tickets, and service workflows.",unclear,unclear,unclear,self_serve_free_or_trial,First-pass extraction found public developer/API documentation and no obvious discovery-stage sales or partner gate.,yes,"REST, Webhooks",moderate,"First-pass API surface classified as moderate using discovered REST, Webhooks source evidence.",none_found,,buildable_now,none,8,medium,0.68,not_checked,unclear,https://www.plain.com/docs,https://www.plain.com/docs/api-reference,,,https://plain.com/ | https://www.plain.com/docs | https://www.plain.com/docs/api-reference,moderate API surface with self_serve_free_or_trial access; first-pass toolkit candidate.
18,Help Scout,Support and Helpdesk,"Help Scout is a customer support platform for managing conversations, tickets, and service workflows.",OAuth 2.0,OAuth 2.0,moderate,self_serve_free_or_trial,First-pass extraction found public developer/API documentation and no obvious discovery-stage sales or partner gate.,yes,"REST, Webhooks",moderate,"First-pass API surface classified as moderate using discovered REST, Webhooks source evidence.",none_found,,buildable_now,none,8,medium,0.68,not_checked,unclear,https://developer.helpscout.com/,https://developer.helpscout.com/mailbox-api/,https://developer.helpscout.com/mailbox-api/overview/authentication/,,https://developer.helpscout.com/ | https://developer.helpscout.com/mailbox-api/ | https://developer.helpscout.com/mailbox-api/overview/authentication/ | https://helpscout.com/,moderate API surface with self_serve_free_or_trial access; first-pass toolkit candidate.
19,Gorgias,Support and Helpdesk,"Gorgias is a customer support platform for managing conversations, tickets, and service workflows.",unclear,unclear,unclear,self_serve_free_or_trial,First-pass extraction found public developer/API documentation and no obvious discovery-stage sales or partner gate.,yes,"REST, Webhooks",moderate,"First-pass API surface classified as moderate using discovered REST, Webhooks source evidence.",none_found,,buildable_now,none,8,medium,0.68,not_checked,unclear,https://developers.gorgias.com/,https://developers.gorgias.com/reference/introduction,,,https://developers.gorgias.com/ | https://developers.gorgias.com/reference/introduction | https://gorgias.com/,moderate API surface with self_serve_free_or_trial access; first-pass toolkit candidate.
20,Gladly,Support and Helpdesk,"Gladly is a customer support platform for managing conversations, tickets, and service workflows.",unclear,unclear,unclear,self_serve_free_or_trial,First-pass extraction found public developer/API documentation and no obvious discovery-stage sales or partner gate.,yes,"REST, Webhooks",moderate,"First-pass API surface classified as moderate using discovered REST, Webhooks source evidence.",none_found,,buildable_now,none,8,medium,0.68,not_checked,unclear,https://developer.gladly.com/,https://developer.gladly.com/rest/,,,https://developer.gladly.com/ | https://developer.gladly.com/rest/ | https://gladly.com/,moderate API surface with self_serve_free_or_trial access; first-pass toolkit candidate.
21,Slack,Communications and Messaging,"Slack is a communications platform for messaging, calls, notifications, or collaboration workflows.",OAuth 2.0,OAuth 2.0,moderate,admin_or_workspace_dependent,"Credentials appear tied to an org, workspace, tenant, or app installation context.",yes,REST,broad,First-pass API surface classified as broad using discovered REST source evidence.,none_found,,buildable_with_caveats,admin_setup_required,7,high,0.82,pass,no,https://api.slack.com/,https://api.slack.com/web,https://api.slack.com/authentication,,https://api.slack.com/ | https://api.slack.com/authentication | https://api.slack.com/web | https://slack.com/,buildable_with_caveats; primary blocker is admin_setup_required.
22,Twilio,Communications and Messaging,"Twilio is a communications platform for messaging, calls, notifications, or collaboration workflows.",API key / bearer token,API key / bearer token,simple,self_serve_free_or_trial,First-pass extraction found public developer/API documentation and no obvious discovery-stage sales or partner gate.,yes,REST,broad,First-pass API surface classified as broad using discovered REST source evidence.,none_found,,buildable_now,none,9,medium,0.68,not_checked,unclear,https://www.twilio.com/docs,https://www.twilio.com/docs/usage/api,https://www.twilio.com/docs/iam/api,,https://twilio.com/ | https://www.twilio.com/docs | https://www.twilio.com/docs/iam/api | https://www.twilio.com/docs/usage/api,broad API surface with self_serve_free_or_trial access; first-pass toolkit candidate.
23,Zoho Cliq,Communications and Messaging,"Zoho Cliq is a communications platform for messaging, calls, notifications, or collaboration workflows.",unclear,unclear,unclear,self_serve_free_or_trial,First-pass extraction found public developer/API documentation and no obvious discovery-stage sales or partner gate.,yes,REST,moderate,First-pass API surface classified as moderate using discovered REST source evidence.,none_found,,buildable_now,none,8,medium,0.68,not_checked,unclear,https://www.zoho.com/cliq/help/restapi/v2/,https://www.zoho.com/cliq/help/restapi/v2/,,,https://www.zoho.com/cliq/help/restapi/v2/ | https://zoho.com/,moderate API surface with self_serve_free_or_trial access; first-pass toolkit candidate.
24,Lark (Larksuite),Communications and Messaging,"Lark (Larksuite) is a communications platform for messaging, calls, notifications, or collaboration workflows.",unclear,unclear,unclear,self_serve_free_or_trial,First-pass extraction found public developer/API documentation and no obvious discovery-stage sales or partner gate.,yes,REST,moderate,First-pass API surface classified as moderate using discovered REST source evidence.,none_found,,buildable_now,none,8,medium,0.68,not_checked,unclear,https://open.larksuite.com/,https://open.larksuite.com/document/home/index,,,https://larksuite.com/ | https://open.larksuite.com/ | https://open.larksuite.com/document/home/index,moderate API surface with self_serve_free_or_trial access; first-pass toolkit candidate.
25,Pumble,Communications and Messaging,"Pumble is a communications platform for messaging, calls, notifications, or collaboration workflows.",unclear,unclear,unclear,unclear,Insufficient discovered sources to classify credential access.,no_or_unclear,unknown,none_or_unclear,First-pass API surface classified as none_or_unclear using discovered unknown source evidence.,unclear,,unclear_needs_review,unclear_access,2,low,0.2,flagged,yes,,,,,https://pumble.com/,unclear_needs_review; primary blocker is unclear_access.
26,Discord,Communications and Messaging,"Discord is a communications platform for messaging, calls, notifications, or collaboration workflows.",OAuth 2.0,OAuth 2.0,moderate,self_serve_free_or_trial,First-pass extraction found public developer/API documentation and no obvious discovery-stage sales or partner gate.,yes,REST,moderate,First-pass API surface classified as moderate using discovered REST source evidence.,none_found,,buildable_now,none,8,medium,0.68,not_checked,unclear,https://discord.com/developers/docs/intro,https://discord.com/developers/docs/reference,https://discord.com/developers/docs/topics/oauth2,,https://discord.com/ | https://discord.com/developers/docs/intro | https://discord.com/developers/docs/reference | https://discord.com/developers/docs/topics/oauth2,moderate API surface with self_serve_free_or_trial access; first-pass toolkit candidate.
27,Telegram,Communications and Messaging,"Telegram is a communications platform for messaging, calls, notifications, or collaboration workflows.",Bot token,Bot token,simple,self_serve_free_or_trial,First-pass extraction found public developer/API documentation and no obvious discovery-stage sales or partner gate.,yes,REST,moderate,First-pass API surface classified as moderate using discovered REST source evidence.,none_found,,buildable_now,none,8,medium,0.68,not_checked,unclear,https://core.telegram.org/,https://core.telegram.org/api,https://core.telegram.org/bots/api,,https://core.telegram.org/ | https://core.telegram.org/api | https://core.telegram.org/bots/api | https://telegram.org/,moderate API surface with self_serve_free_or_trial access; first-pass toolkit candidate.
28,WhatsApp Business,Communications and Messaging,"WhatsApp Business is a communications platform for messaging, calls, notifications, or collaboration workflows.",API key / bearer token,API key / bearer token,simple,self_serve_free_or_trial,First-pass extraction found public developer/API documentation and no obvious discovery-stage sales or partner gate.,yes,REST,moderate,First-pass API surface classified as moderate using discovered REST source evidence.,none_found,,buildable_now,none,8,medium,0.68,not_checked,unclear,https://developers.facebook.com/docs/whatsapp,https://developers.facebook.com/docs/whatsapp/cloud-api,https://developers.facebook.com/docs/facebook-login/guides/access-tokens,,https://developers.facebook.com/docs/facebook-login/guides/access-tokens | https://developers.facebook.com/docs/whatsapp | https://developers.facebook.com/docs/whatsapp/cloud-api | https://facebook.com/,moderate API surface with self_serve_free_or_trial access; first-pass toolkit candidate.
29,Aircall,Communications and Messaging,"Aircall is a communications platform for messaging, calls, notifications, or collaboration workflows.",unclear,unclear,unclear,self_serve_free_or_trial,First-pass extraction found public developer/API documentation and no obvious discovery-stage sales or partner gate.,yes,REST,moderate,First-pass API surface classified as moderate using discovered REST source evidence.,none_found,,buildable_now,none,8,medium,0.68,not_checked,unclear,https://developer.aircall.io/,https://developer.aircall.io/api-references/,,,https://aircall.io/ | https://developer.aircall.io/ | https://developer.aircall.io/api-references/,moderate API surface with self_serve_free_or_trial access; first-pass toolkit candidate.
30,Vonage,Communications and Messaging,"Vonage is a communications platform for messaging, calls, notifications, or collaboration workflows.",unclear,unclear,unclear,self_serve_free_or_trial,First-pass extraction found public developer/API documentation and no obvious discovery-stage sales or partner gate.,yes,REST,moderate,First-pass API surface classified as moderate using discovered REST source evidence.,none_found,,buildable_now,none,8,medium,0.68,not_checked,unclear,https://developer.vonage.com/,https://developer.vonage.com/en/api,,,https://developer.vonage.com/ | https://developer.vonage.com/en/api | https://vonage.com/,moderate API surface with self_serve_free_or_trial access; first-pass toolkit candidate.
31,Google Ads,"Marketing, Ads, Email and Social","Google Ads is a marketing, ads, email, or social platform for campaign and audience workflows.",OAuth 2.0,OAuth 2.0,complex,partner_or_contact_sales_gated,"First-pass rubric marks this app as gated because access commonly depends on app review, partner approval, business verification, or sales contact.",yes,REST,broad,First-pass API surface classified as broad using discovered REST source evidence.,none_found,,possible_but_gated,app_review_or_business_verification,5,high,0.82,pass,no,https://developers.google.com/google-ads/api/docs/start,https://developers.google.com/google-ads/api/reference/rpc,https://developers.google.com/google-ads/api/docs/oauth/overview,https://developers.google.com/google-ads/api/docs/access-levels,https://developers.google.com/google-ads/api/docs/access-levels | https://developers.google.com/google-ads/api/docs/oauth/overview | https://developers.google.com/google-ads/api/docs/start | https://developers.google.com/google-ads/api/reference/rpc | https://google.com/,possible_but_gated; primary blocker is app_review_or_business_verification.
32,Meta Ads,"Marketing, Ads, Email and Social","Meta Ads is a marketing, ads, email, or social platform for campaign and audience workflows.","OAuth 2.0, API key / bearer token",OAuth 2.0,complex,partner_or_contact_sales_gated,"First-pass rubric marks this app as gated because access commonly depends on app review, partner approval, business verification, or sales contact.",yes,REST,broad,First-pass API surface classified as broad using discovered REST source evidence.,none_found,,possible_but_gated,app_review_or_business_verification,5,medium,0.68,not_checked,unclear,https://developers.facebook.com/docs/marketing-apis/,https://developers.facebook.com/docs/marketing-api/reference,https://developers.facebook.com/docs/facebook-login/guides/access-tokens,https://developers.facebook.com/docs/development/release/business-verification,https://developers.facebook.com/docs/development/release/business-verification | https://developers.facebook.com/docs/facebook-login/guides/access-tokens | https://developers.facebook.com/docs/marketing-api/reference | https://developers.facebook.com/docs/marketing-apis/ | https://facebook.com/,possible_but_gated; primary blocker is app_review_or_business_verification.
33,LinkedIn Ads,"Marketing, Ads, Email and Social","LinkedIn Ads is a marketing, ads, email, or social platform for campaign and audience workflows.",OAuth 2.0,OAuth 2.0,complex,partner_or_contact_sales_gated,"First-pass rubric marks this app as gated because access commonly depends on app review, partner approval, business verification, or sales contact.",yes,REST,moderate,First-pass API surface classified as moderate using discovered REST source evidence.,none_found,,possible_but_gated,app_review_or_business_verification,5,medium,0.68,not_checked,unclear,https://learn.microsoft.com/linkedin/marketing/,https://learn.microsoft.com/linkedin/marketing/integrations/ads/,https://learn.microsoft.com/linkedin/shared/authentication/authentication,,https://learn.microsoft.com/linkedin/marketing/ | https://learn.microsoft.com/linkedin/marketing/integrations/ads/ | https://learn.microsoft.com/linkedin/shared/authentication/authentication | https://microsoft.com/,possible_but_gated; primary blocker is app_review_or_business_verification.
34,GoHighLevel,"Marketing, Ads, Email and Social","GoHighLevel is a marketing, ads, email, or social platform for campaign and audience workflows.",unclear,unclear,unclear,self_serve_free_or_trial,First-pass extraction found public developer/API documentation and no obvious discovery-stage sales or partner gate.,yes,REST,moderate,First-pass API surface classified as moderate using discovered REST source evidence.,none_found,,buildable_now,none,8,medium,0.68,not_checked,unclear,https://highlevel.stoplight.io/,https://highlevel.stoplight.io/docs/integrations/,,,https://highlevel.stoplight.io/ | https://highlevel.stoplight.io/docs/integrations/,moderate API surface with self_serve_free_or_trial access; first-pass toolkit candidate.
35,Mailchimp,"Marketing, Ads, Email and Social","Mailchimp is a marketing, ads, email, or social platform for campaign and audience workflows.",OAuth 2.0,OAuth 2.0,moderate,self_serve_free_or_trial,First-pass extraction found public developer/API documentation and no obvious discovery-stage sales or partner gate.,yes,REST,broad,First-pass API surface classified as broad using discovered REST source evidence.,none_found,,buildable_now,none,9,medium,0.68,not_checked,unclear,https://mailchimp.com/developer/,https://mailchimp.com/developer/marketing/api/,https://mailchimp.com/developer/marketing/guides/access-user-data-oauth-2/,,https://mailchimp.com/ | https://mailchimp.com/developer/ | https://mailchimp.com/developer/marketing/api/ | https://mailchimp.com/developer/marketing/guides/access-user-data-oauth-2/,broad API surface with self_serve_free_or_trial access; first-pass toolkit candidate.
36,Klaviyo,"Marketing, Ads, Email and Social","Klaviyo is a marketing, ads, email, or social platform for campaign and audience workflows.",Documented auth flow,Documented auth flow,simple,self_serve_free_or_trial,First-pass extraction found public developer/API documentation and no obvious discovery-stage sales or partner gate.,yes,REST,broad,First-pass API surface classified as broad using discovered REST source evidence.,none_found,,buildable_now,none,9,medium,0.68,not_checked,unclear,https://developers.klaviyo.com/,https://developers.klaviyo.com/en/reference/api_overview,https://developers.klaviyo.com/en/docs/authenticate_,,https://developers.klaviyo.com/ | https://developers.klaviyo.com/en/docs/authenticate_ | https://developers.klaviyo.com/en/reference/api_overview | https://klaviyo.com/,broad API surface with self_serve_free_or_trial access; first-pass toolkit candidate.
37,systeme.io,"Marketing, Ads, Email and Social","systeme.io is a marketing, ads, email, or social platform for campaign and audience workflows.",unclear,unclear,unclear,unclear,Insufficient discovered sources to classify credential access.,no_or_unclear,unknown,none_or_unclear,First-pass API surface classified as none_or_unclear using discovered unknown source evidence.,unclear,,unclear_needs_review,unclear_access,2,low,0.2,flagged,yes,,,,,https://systeme.io/,unclear_needs_review; primary blocker is unclear_access.
38,Pinterest,"Marketing, Ads, Email and Social","Pinterest is a marketing, ads, email, or social platform for campaign and audience workflows.",OAuth 2.0,OAuth 2.0,moderate,self_serve_free_or_trial,First-pass extraction found public developer/API documentation and no obvious discovery-stage sales or partner gate.,yes,REST,moderate,First-pass API surface classified as moderate using discovered REST source evidence.,none_found,,buildable_now,none,8,medium,0.68,not_checked,unclear,https://developers.pinterest.com/,https://developers.pinterest.com/docs/api/v5/,https://developers.pinterest.com/docs/getting-started/authentication/,,https://developers.pinterest.com/ | https://developers.pinterest.com/docs/api/v5/ | https://developers.pinterest.com/docs/getting-started/authentication/ | https://pinterest.com/,moderate API surface with self_serve_free_or_trial access; first-pass toolkit candidate.
39,Threads (Meta),"Marketing, Ads, Email and Social","Threads (Meta) is a marketing, ads, email, or social platform for campaign and audience workflows.",unclear,unclear,unclear,self_serve_free_or_trial,First-pass extraction found public developer/API documentation and no obvious discovery-stage sales or partner gate.,yes,REST,moderate,First-pass API surface classified as moderate using discovered REST source evidence.,none_found,,buildable_now,none,8,medium,0.68,not_checked,unclear,https://developers.facebook.com/docs/threads,https://developers.facebook.com/docs/threads/reference,,,https://developers.facebook.com/docs/threads | https://developers.facebook.com/docs/threads/reference | https://facebook.com/,moderate API surface with self_serve_free_or_trial access; first-pass toolkit candidate.
40,SendGrid,"Marketing, Ads, Email and Social","SendGrid is a marketing, ads, email, or social platform for campaign and audience workflows.",API key / bearer token,API key / bearer token,simple,self_serve_free_or_trial,First-pass extraction found public developer/API documentation and no obvious discovery-stage sales or partner gate.,yes,REST,moderate,First-pass API surface classified as moderate using discovered REST source evidence.,none_found,,buildable_now,none,8,medium,0.68,not_checked,unclear,https://www.twilio.com/docs/sendgrid,https://www.twilio.com/docs/sendgrid/api-reference,https://www.twilio.com/docs/sendgrid/api-reference/how-to-use-the-sendgrid-v3-api/authentication,,https://sendgrid.com/ | https://www.twilio.com/docs/sendgrid | https://www.twilio.com/docs/sendgrid/api-reference | https://www.twilio.com/docs/sendgrid/api-reference/how-to-use-the-sendgrid-v3-api/authentication,moderate API surface with self_serve_free_or_trial access; first-pass toolkit candidate.
41,Shopify,Ecommerce,"Shopify is a ecommerce platform for stores, products, orders, customers, and commerce operations.",OAuth 2.0,OAuth 2.0,moderate,admin_or_workspace_dependent,"Credentials appear tied to an org, workspace, tenant, or app installation context.",yes,"REST, GraphQL, Webhooks",platform_level,"First-pass API surface classified as platform_level using discovered REST, GraphQL, Webhooks source evidence.",none_found,,buildable_with_caveats,admin_setup_required,7,high,0.82,pass,no,https://shopify.dev/docs,https://shopify.dev/docs/api,https://shopify.dev/docs/apps/build/authentication-authorization,,https://shopify.dev/ | https://shopify.dev/docs | https://shopify.dev/docs/api | https://shopify.dev/docs/apps/build/authentication-authorization,buildable_with_caveats; primary blocker is admin_setup_required.
42,WooCommerce,Ecommerce,"WooCommerce is a ecommerce platform for stores, products, orders, customers, and commerce operations.",unclear,unclear,unclear,self_serve_free_or_trial,First-pass extraction found public developer/API documentation and no obvious discovery-stage sales or partner gate.,yes,"REST, Webhooks",moderate,"First-pass API surface classified as moderate using discovered REST, Webhooks source evidence.",none_found,,buildable_now,none,8,medium,0.68,not_checked,unclear,https://woocommerce.com/document/woocommerce-rest-api/,https://woocommerce.github.io/woocommerce-rest-api-docs/,,,https://woocommerce.com/ | https://woocommerce.com/document/woocommerce-rest-api/ | https://woocommerce.github.io/woocommerce-rest-api-docs/,moderate API surface with self_serve_free_or_trial access; first-pass toolkit candidate.
43,BigCommerce,Ecommerce,"BigCommerce is a ecommerce platform for stores, products, orders, customers, and commerce operations.",unclear,unclear,moderate,admin_or_workspace_dependent,"Credentials appear tied to an org, workspace, tenant, or app installation context.",yes,"REST, Webhooks",broad,"First-pass API surface classified as broad using discovered REST, Webhooks source evidence.",none_found,,buildable_with_caveats,admin_setup_required,7,medium,0.68,not_checked,unclear,https://developer.bigcommerce.com/,https://developer.bigcommerce.com/docs/rest-management,,,https://bigcommerce.com/ | https://developer.bigcommerce.com/ | https://developer.bigcommerce.com/docs/rest-management,buildable_with_caveats; primary blocker is admin_setup_required.
44,Salesforce Commerce Cloud,Ecommerce,"Salesforce Commerce Cloud is a ecommerce platform for stores, products, orders, customers, and commerce operations.",unclear,unclear,complex,partner_or_contact_sales_gated,"First-pass rubric marks this app as gated because access commonly depends on app review, partner approval, business verification, or sales contact.",yes,"REST, Webhooks",moderate,"First-pass API surface classified as moderate using discovered REST, Webhooks source evidence.",none_found,,possible_but_gated,app_review_or_business_verification,5,medium,0.68,not_checked,unclear,https://developer.salesforce.com/docs/commerce,https://developer.salesforce.com/docs/commerce/commerce-api,,,https://developer.salesforce.com/docs/commerce | https://developer.salesforce.com/docs/commerce/commerce-api | https://salesforce.com/,possible_but_gated; primary blocker is app_review_or_business_verification.
45,Magento (Adobe Commerce),Ecommerce,"Magento (Adobe Commerce) is a ecommerce platform for stores, products, orders, customers, and commerce operations.",Documented auth flow,Documented auth flow,complex,self_serve_free_or_trial,First-pass extraction found public developer/API documentation and no obvious discovery-stage sales or partner gate.,yes,"REST, SOAP, Webhooks",platform_level,"First-pass API surface classified as platform_level using discovered REST, SOAP, Webhooks source evidence.",none_found,,buildable_now,none,9,medium,0.68,not_checked,unclear,https://developer.adobe.com/commerce/,https://developer.adobe.com/commerce/webapi/rest/,https://developer.adobe.com/commerce/webapi/get-started/authentication/,,https://adobe.com/ | https://developer.adobe.com/commerce/ | https://developer.adobe.com/commerce/webapi/get-started/authentication/ | https://developer.adobe.com/commerce/webapi/rest/,platform_level API surface with self_serve_free_or_trial access; first-pass toolkit candidate.
46,Squarespace,Ecommerce,"Squarespace is a ecommerce platform for stores, products, orders, customers, and commerce operations.",unclear,unclear,unclear,self_serve_free_or_trial,First-pass extraction found public developer/API documentation and no obvious discovery-stage sales or partner gate.,yes,"REST, Webhooks",moderate,"First-pass API surface classified as moderate using discovered REST, Webhooks source evidence.",none_found,,buildable_now,none,8,medium,0.68,not_checked,unclear,https://developers.squarespace.com/,https://developers.squarespace.com/commerce-apis,,,https://developers.squarespace.com/ | https://developers.squarespace.com/commerce-apis | https://squarespace.com/,moderate API surface with self_serve_free_or_trial access; first-pass toolkit candidate.
47,Ecwid,Ecommerce,"Ecwid is a ecommerce platform for stores, products, orders, customers, and commerce operations.",API key / bearer token,API key / bearer token,simple,self_serve_free_or_trial,First-pass extraction found public developer/API documentation and no obvious discovery-stage sales or partner gate.,yes,"REST, Webhooks",moderate,"First-pass API surface classified as moderate using discovered REST, Webhooks source evidence.",none_found,,buildable_now,none,8,medium,0.68,not_checked,unclear,https://api-docs.ecwid.com/,https://api-docs.ecwid.com/reference/rest-api,,,https://api-docs.ecwid.com/ | https://api-docs.ecwid.com/reference/rest-api | https://ecwid.com/,moderate API surface with self_serve_free_or_trial access; first-pass toolkit candidate.
48,Gumroad,Ecommerce,"Gumroad is a ecommerce platform for stores, products, orders, customers, and commerce operations.",API key / bearer token,API key / bearer token,simple,self_serve_free_or_trial,First-pass extraction found public developer/API documentation and no obvious discovery-stage sales or partner gate.,yes,"REST, Webhooks",moderate,"First-pass API surface classified as moderate using discovered REST, Webhooks source evidence.",none_found,,buildable_now,none,8,medium,0.68,not_checked,unclear,https://gumroad.com/api,https://gumroad.com/api,,,https://gumroad.com/ | https://gumroad.com/api,moderate API surface with self_serve_free_or_trial access; first-pass toolkit candidate.
49,Amazon Selling Partner,Ecommerce,"Amazon Selling Partner is a ecommerce platform for stores, products, orders, customers, and commerce operations.",unclear,unclear,complex,partner_or_contact_sales_gated,"First-pass rubric marks this app as gated because access commonly depends on app review, partner approval, business verification, or sales contact.",yes,"REST, Webhooks",broad,"First-pass API surface classified as broad using discovered REST, Webhooks source evidence.",none_found,,possible_but_gated,app_review_or_business_verification,5,medium,0.68,not_checked,unclear,https://developer-docs.amazon.com/sp-api/,https://developer-docs.amazon.com/sp-api/reference/welcome,,,https://amazon.com/ | https://developer-docs.amazon.com/sp-api/ | https://developer-docs.amazon.com/sp-api/reference/welcome,possible_but_gated; primary blocker is app_review_or_business_verification.
50,fanbasis,Ecommerce,"fanbasis is a ecommerce platform for stores, products, orders, customers, and commerce operations.",unclear,unclear,unclear,unclear,Insufficient discovered sources to classify credential access.,no_or_unclear,Webhooks,none_or_unclear,First-pass API surface classified as none_or_unclear using discovered Webhooks source evidence.,unclear,,unclear_needs_review,unclear_access,2,low,0.2,flagged,yes,,,,,https://fanbasis.com/,unclear_needs_review; primary blocker is unclear_access.
51,DataForSEO,"Data, SEO and Scraping","DataForSEO is a data, SEO, scraping, or enrichment platform for collecting and operationalizing web or business data.",API key / bearer token,API key / bearer token,simple,self_serve_paid_plan_required,"Likely self-serve API access, but useful access may depend on a paid plan or commercial account.",yes,REST,moderate,First-pass API surface classified as moderate using discovered REST source evidence.,none_found,,buildable_with_caveats,paid_plan_required,6,medium,0.68,not_checked,unclear,https://docs.dataforseo.com/,https://docs.dataforseo.com/,,,https://dataforseo.com/ | https://docs.dataforseo.com/,buildable_with_caveats; primary blocker is paid_plan_required.
52,SE Ranking,"Data, SEO and Scraping","SE Ranking is a data, SEO, scraping, or enrichment platform for collecting and operationalizing web or business data.",API key / bearer token,API key / bearer token,simple,self_serve_free_or_trial,First-pass extraction found public developer/API documentation and no obvious discovery-stage sales or partner gate.,yes,REST,moderate,First-pass API surface classified as moderate using discovered REST source evidence.,none_found,,buildable_now,none,8,medium,0.68,not_checked,unclear,https://seranking.com/api.html,https://seranking.com/api.html,,,https://seranking.com/ | https://seranking.com/api.html,moderate API surface with self_serve_free_or_trial access; first-pass toolkit candidate.
53,Ahrefs,"Data, SEO and Scraping","Ahrefs is a data, SEO, scraping, or enrichment platform for collecting and operationalizing web or business data.",API key / bearer token,API key / bearer token,simple,self_serve_paid_plan_required,"Likely self-serve API access, but useful access may depend on a paid plan or commercial account.",yes,REST,moderate,First-pass API surface classified as moderate using discovered REST source evidence.,none_found,,buildable_with_caveats,paid_plan_required,6,medium,0.68,not_checked,unclear,https://docs.ahrefs.com/,https://docs.ahrefs.com/,,https://ahrefs.com/api,https://ahrefs.com/ | https://ahrefs.com/api | https://docs.ahrefs.com/,buildable_with_caveats; primary blocker is paid_plan_required.
54,MrScraper,"Data, SEO and Scraping","MrScraper is a data, SEO, scraping, or enrichment platform for collecting and operationalizing web or business data.",API key / bearer token,API key / bearer token,simple,self_serve_free_or_trial,First-pass extraction found public developer/API documentation and no obvious discovery-stage sales or partner gate.,yes,REST,moderate,First-pass API surface classified as moderate using discovered REST source evidence.,none_found,,buildable_now,none,8,medium,0.68,not_checked,unclear,https://docs.mrscraper.com/,https://docs.mrscraper.com/,,,https://docs.mrscraper.com/ | https://mrscraper.com/,moderate API surface with self_serve_free_or_trial access; first-pass toolkit candidate.
55,Apify,"Data, SEO and Scraping","Apify is a data, SEO, scraping, or enrichment platform for collecting and operationalizing web or business data.",API key / bearer token,API key / bearer token,simple,self_serve_free_or_trial,First-pass extraction found public developer/API documentation and no obvious discovery-stage sales or partner gate.,yes,REST,broad,First-pass API surface classified as broad using discovered REST source evidence.,none_found,,buildable_now,none,9,medium,0.68,not_checked,unclear,https://docs.apify.com/,https://docs.apify.com/api/v2,https://docs.apify.com/platform/integrations/api,,https://apify.com/ | https://docs.apify.com/ | https://docs.apify.com/api/v2 | https://docs.apify.com/platform/integrations/api,broad API surface with self_serve_free_or_trial access; first-pass toolkit candidate.
56,Firecrawl,"Data, SEO and Scraping","Firecrawl is a data, SEO, scraping, or enrichment platform for collecting and operationalizing web or business data.",API key / bearer token,API key / bearer token,simple,self_serve_free_or_trial,First-pass extraction found public developer/API documentation and no obvious discovery-stage sales or partner gate.,yes,REST,moderate,First-pass API surface classified as moderate using discovered REST source evidence.,none_found,,buildable_now,none,8,medium,0.68,not_checked,unclear,https://docs.firecrawl.dev/,https://docs.firecrawl.dev/api-reference/introduction,,,https://docs.firecrawl.dev/ | https://docs.firecrawl.dev/api-reference/introduction | https://firecrawl.dev/,moderate API surface with self_serve_free_or_trial access; first-pass toolkit candidate.
57,Bright Data,"Data, SEO and Scraping","Bright Data is a data, SEO, scraping, or enrichment platform for collecting and operationalizing web or business data.",API key / bearer token,API key / bearer token,simple,self_serve_paid_plan_required,"Likely self-serve API access, but useful access may depend on a paid plan or commercial account.",yes,REST,moderate,First-pass API surface classified as moderate using discovered REST source evidence.,none_found,,buildable_with_caveats,paid_plan_required,6,medium,0.68,not_checked,unclear,https://docs.brightdata.com/,https://docs.brightdata.com/api-reference/introduction,,,https://brightdata.com/ | https://docs.brightdata.com/ | https://docs.brightdata.com/api-reference/introduction,buildable_with_caveats; primary blocker is paid_plan_required.
58,Sherlock,"Data, SEO and Scraping","Sherlock is a data, SEO, scraping, or enrichment platform for collecting and operationalizing web or business data.",No hosted app auth / CLI or open-source usage,No hosted app auth / CLI or open-source usage,simple,self_serve_free_or_trial,First-pass extraction found public developer/API documentation and no obvious discovery-stage sales or partner gate.,no_or_unclear,REST,none_or_unclear,First-pass API surface classified as none_or_unclear using discovered REST source evidence.,none_found,,unclear_needs_review,unclear_access,2,low,0.35,flagged,yes,https://github.com/sherlock-project/sherlock,https://github.com/sherlock-project/sherlock,,,https://github.com/ | https://github.com/sherlock-project/sherlock,unclear_needs_review; primary blocker is unclear_access.
59,Waterfall.io,"Data, SEO and Scraping","Waterfall.io is a data, SEO, scraping, or enrichment platform for collecting and operationalizing web or business data.",unclear,unclear,unclear,self_serve_paid_plan_required,"Likely self-serve API access, but useful access may depend on a paid plan or commercial account.",no_or_unclear,unknown,none_or_unclear,First-pass API surface classified as none_or_unclear using discovered unknown source evidence.,unclear,,unclear_needs_review,unclear_access,2,low,0.2,flagged,yes,,,,,https://waterfall.io/,unclear_needs_review; primary blocker is unclear_access.
60,Clay,"Data, SEO and Scraping","Clay is a data, SEO, scraping, or enrichment platform for collecting and operationalizing web or business data.",unclear,unclear,unclear,self_serve_paid_plan_required,"Likely self-serve API access, but useful access may depend on a paid plan or commercial account.",no_or_unclear,unknown,none_or_unclear,First-pass API surface classified as none_or_unclear using discovered unknown source evidence.,unclear,,unclear_needs_review,unclear_access,2,low,0.2,flagged,yes,,,,,https://clay.com/,unclear_needs_review; primary blocker is unclear_access.
61,GitHub,"Developer, Infra and Data platforms","GitHub is a developer, infrastructure, or data platform for engineering and operational workflows.","OAuth 2.0, GitHub App auth, personal access token",OAuth 2.0,moderate,self_serve_free_or_trial,First-pass extraction found public developer/API documentation and no obvious discovery-stage sales or partner gate.,yes,"REST, GraphQL, Webhooks",platform_level,"First-pass API surface classified as platform_level using discovered REST, GraphQL, Webhooks source evidence.",none_found,,buildable_now,none,9,high,0.82,pass,no,https://docs.github.com/rest,https://docs.github.com/rest,https://docs.github.com/en/apps/oauth-apps/building-oauth-apps/authorizing-oauth-apps,,https://docs.github.com/en/apps/oauth-apps/building-oauth-apps/authorizing-oauth-apps | https://docs.github.com/rest | https://github.com/,platform_level API surface with self_serve_free_or_trial access; first-pass toolkit candidate.
62,Vercel,"Developer, Infra and Data platforms","Vercel is a developer, infrastructure, or data platform for engineering and operational workflows.",API key / bearer token,API key / bearer token,simple,self_serve_free_or_trial,First-pass extraction found public developer/API documentation and no obvious discovery-stage sales or partner gate.,yes,"REST, Webhooks",broad,"First-pass API surface classified as broad using discovered REST, Webhooks source evidence.",none_found,,buildable_now,none,9,medium,0.68,not_checked,unclear,https://vercel.com/docs/rest-api,https://vercel.com/docs/rest-api,https://vercel.com/docs/rest-api/reference/authentication,,https://vercel.com/ | https://vercel.com/docs/rest-api | https://vercel.com/docs/rest-api/reference/authentication,broad API surface with self_serve_free_or_trial access; first-pass toolkit candidate.
63,Netlify,"Developer, Infra and Data platforms","Netlify is a developer, infrastructure, or data platform for engineering and operational workflows.",unclear,unclear,unclear,self_serve_free_or_trial,First-pass extraction found public developer/API documentation and no obvious discovery-stage sales or partner gate.,yes,"REST, Webhooks",broad,"First-pass API surface classified as broad using discovered REST, Webhooks source evidence.",none_found,,buildable_now,none,9,medium,0.68,not_checked,unclear,https://docs.netlify.com/api/get-started/,https://open-api.netlify.com/,,,https://docs.netlify.com/api/get-started/ | https://netlify.com/ | https://open-api.netlify.com/,broad API surface with self_serve_free_or_trial access; first-pass toolkit candidate.
64,Cloudflare,"Developer, Infra and Data platforms","Cloudflare is a developer, infrastructure, or data platform for engineering and operational workflows.",API key / bearer token,API key / bearer token,simple,self_serve_free_or_trial,First-pass extraction found public developer/API documentation and no obvious discovery-stage sales or partner gate.,yes,"REST, Webhooks",platform_level,"First-pass API surface classified as platform_level using discovered REST, Webhooks source evidence.",none_found,,buildable_now,none,9,medium,0.68,not_checked,unclear,https://developers.cloudflare.com/api/,https://developers.cloudflare.com/api/,,,https://cloudflare.com/ | https://developers.cloudflare.com/api/,platform_level API surface with self_serve_free_or_trial access; first-pass toolkit candidate.
65,Supabase,"Developer, Infra and Data platforms","Supabase is a developer, infrastructure, or data platform for engineering and operational workflows.",unclear,unclear,unclear,self_serve_free_or_trial,First-pass extraction found public developer/API documentation and no obvious discovery-stage sales or partner gate.,yes,"REST, Webhooks",moderate,"First-pass API surface classified as moderate using discovered REST, Webhooks source evidence.",none_found,,buildable_now,none,8,medium,0.68,not_checked,unclear,https://supabase.com/docs,https://supabase.com/docs/reference,,,https://supabase.com/ | https://supabase.com/docs | https://supabase.com/docs/reference,moderate API surface with self_serve_free_or_trial access; first-pass toolkit candidate.
66,Neo4j,"Developer, Infra and Data platforms","Neo4j is a developer, infrastructure, or data platform for engineering and operational workflows.",unclear,unclear,unclear,self_serve_free_or_trial,First-pass extraction found public developer/API documentation and no obvious discovery-stage sales or partner gate.,yes,"REST, Webhooks",moderate,"First-pass API surface classified as moderate using discovered REST, Webhooks source evidence.",none_found,,buildable_now,none,8,medium,0.68,not_checked,unclear,https://neo4j.com/docs/api/,https://neo4j.com/docs/api/,,,https://neo4j.com/ | https://neo4j.com/docs/api/,moderate API surface with self_serve_free_or_trial access; first-pass toolkit candidate.
67,Snowflake,"Developer, Infra and Data platforms","Snowflake is a developer, infrastructure, or data platform for engineering and operational workflows.",unclear,unclear,moderate,admin_or_workspace_dependent,"Credentials appear tied to an org, workspace, tenant, or app installation context.",yes,"REST, GraphQL, Webhooks",moderate,"First-pass API surface classified as moderate using discovered REST, GraphQL, Webhooks source evidence.",none_found,,buildable_with_caveats,admin_setup_required,7,medium,0.68,not_checked,unclear,https://docs.snowflake.com/,https://docs.snowflake.com/en/developer-guide/snowflake-rest-api/snowflake-rest-api,,,https://docs.snowflake.com/ | https://docs.snowflake.com/en/developer-guide/snowflake-rest-api/snowflake-rest-api | https://snowflake.com/,buildable_with_caveats; primary blocker is admin_setup_required.
68,MongoDB Atlas,"Developer, Infra and Data platforms","MongoDB Atlas is a developer, infrastructure, or data platform for engineering and operational workflows.",unclear,unclear,moderate,admin_or_workspace_dependent,"Credentials appear tied to an org, workspace, tenant, or app installation context.",yes,"REST, Webhooks",moderate,"First-pass API surface classified as moderate using discovered REST, Webhooks source evidence.",none_found,,buildable_with_caveats,admin_setup_required,7,medium,0.68,not_checked,unclear,https://www.mongodb.com/docs/atlas/api/,https://www.mongodb.com/docs/atlas/api/,,,https://mongodb.com/ | https://www.mongodb.com/docs/atlas/api/,buildable_with_caveats; primary blocker is admin_setup_required.
69,Datadog,"Developer, Infra and Data platforms","Datadog is a developer, infrastructure, or data platform for engineering and operational workflows.",API key / bearer token,API key / bearer token,simple,self_serve_free_or_trial,First-pass extraction found public developer/API documentation and no obvious discovery-stage sales or partner gate.,yes,"REST, Webhooks",broad,"First-pass API surface classified as broad using discovered REST, Webhooks source evidence.",none_found,,buildable_now,none,9,medium,0.68,not_checked,unclear,https://docs.datadoghq.com/api/,https://docs.datadoghq.com/api/latest/,,,https://datadoghq.com/ | https://docs.datadoghq.com/api/ | https://docs.datadoghq.com/api/latest/,broad API surface with self_serve_free_or_trial access; first-pass toolkit candidate.
70,Sentry,"Developer, Infra and Data platforms","Sentry is a developer, infrastructure, or data platform for engineering and operational workflows.",API key / bearer token,API key / bearer token,simple,self_serve_free_or_trial,First-pass extraction found public developer/API documentation and no obvious discovery-stage sales or partner gate.,yes,"REST, Webhooks",moderate,"First-pass API surface classified as moderate using discovered REST, Webhooks source evidence.",none_found,,buildable_now,none,8,medium,0.68,not_checked,unclear,https://docs.sentry.io/api/,https://docs.sentry.io/api/,https://docs.sentry.io/api/auth/,,https://docs.sentry.io/api/ | https://docs.sentry.io/api/auth/ | https://sentry.io/,moderate API surface with self_serve_free_or_trial access; first-pass toolkit candidate.
71,Notion,Productivity and Project Management,"Notion is a productivity or project management platform for tasks, docs, teams, and workflow coordination.",OAuth 2.0,OAuth 2.0,moderate,self_serve_free_or_trial,First-pass extraction found public developer/API documentation and no obvious discovery-stage sales or partner gate.,yes,"REST, Webhooks",broad,"First-pass API surface classified as broad using discovered REST, Webhooks source evidence.",none_found,,buildable_now,none,9,medium,0.68,not_checked,unclear,https://developers.notion.com/,https://developers.notion.com/reference/intro,https://developers.notion.com/docs/authorization,,https://developers.notion.com/ | https://developers.notion.com/docs/authorization | https://developers.notion.com/reference/intro | https://notion.com/,broad API surface with self_serve_free_or_trial access; first-pass toolkit candidate.
72,Airtable,Productivity and Project Management,"Airtable is a productivity or project management platform for tasks, docs, teams, and workflow coordination.",OAuth 2.0,OAuth 2.0,moderate,self_serve_free_or_trial,First-pass extraction found public developer/API documentation and no obvious discovery-stage sales or partner gate.,yes,"REST, Webhooks",broad,"First-pass API surface classified as broad using discovered REST, Webhooks source evidence.",none_found,,buildable_now,none,9,medium,0.68,not_checked,unclear,https://airtable.com/developers,https://airtable.com/developers/web/api/introduction,https://airtable.com/developers/web/guides/oauth-integrations,,https://airtable.com/ | https://airtable.com/developers | https://airtable.com/developers/web/api/introduction | https://airtable.com/developers/web/guides/oauth-integrations,broad API surface with self_serve_free_or_trial access; first-pass toolkit candidate.
73,Linear,Productivity and Project Management,"Linear is a productivity or project management platform for tasks, docs, teams, and workflow coordination.",OAuth 2.0,OAuth 2.0,moderate,self_serve_free_or_trial,First-pass extraction found public developer/API documentation and no obvious discovery-stage sales or partner gate.,yes,"REST, GraphQL, Webhooks",moderate,"First-pass API surface classified as moderate using discovered REST, GraphQL, Webhooks source evidence.",none_found,,buildable_now,none,8,medium,0.68,not_checked,unclear,https://developers.linear.app/,https://developers.linear.app/docs/graphql/working-with-the-graphql-api,https://developers.linear.app/docs/oauth/authentication,,https://developers.linear.app/ | https://developers.linear.app/docs/graphql/working-with-the-graphql-api | https://developers.linear.app/docs/oauth/authentication | https://linear.app/,moderate API surface with self_serve_free_or_trial access; first-pass toolkit candidate.
74,Jira,Productivity and Project Management,"Jira is a productivity or project management platform for tasks, docs, teams, and workflow coordination.",OAuth 2.0,OAuth 2.0,moderate,admin_or_workspace_dependent,"Credentials appear tied to an org, workspace, tenant, or app installation context.",yes,"REST, Webhooks",platform_level,"First-pass API surface classified as platform_level using discovered REST, Webhooks source evidence.",none_found,,buildable_with_caveats,admin_setup_required,7,medium,0.68,not_checked,unclear,https://developer.atlassian.com/,https://developer.atlassian.com/cloud/jira/platform/rest/v3/,https://developer.atlassian.com/cloud/jira/platform/oauth-2-3lo-apps/,,https://atlassian.com/ | https://developer.atlassian.com/ | https://developer.atlassian.com/cloud/jira/platform/oauth-2-3lo-apps/ | https://developer.atlassian.com/cloud/jira/platform/rest/v3/,buildable_with_caveats; primary blocker is admin_setup_required.
75,Asana,Productivity and Project Management,"Asana is a productivity or project management platform for tasks, docs, teams, and workflow coordination.",OAuth 2.0,OAuth 2.0,moderate,self_serve_free_or_trial,First-pass extraction found public developer/API documentation and no obvious discovery-stage sales or partner gate.,yes,"REST, Webhooks",broad,"First-pass API surface classified as broad using discovered REST, Webhooks source evidence.",none_found,,buildable_now,none,9,medium,0.68,not_checked,unclear,https://developers.asana.com/docs,https://developers.asana.com/reference/rest-api-reference,https://developers.asana.com/docs/oauth,,https://asana.com/ | https://developers.asana.com/docs | https://developers.asana.com/docs/oauth | https://developers.asana.com/reference/rest-api-reference,broad API surface with self_serve_free_or_trial access; first-pass toolkit candidate.
76,Monday.com,Productivity and Project Management,"Monday.com is a productivity or project management platform for tasks, docs, teams, and workflow coordination.",OAuth 2.0,OAuth 2.0,moderate,admin_or_workspace_dependent,"Credentials appear tied to an org, workspace, tenant, or app installation context.",yes,"REST, GraphQL, Webhooks",moderate,"First-pass API surface classified as moderate using discovered REST, GraphQL, Webhooks source evidence.",none_found,,buildable_with_caveats,admin_setup_required,7,medium,0.68,not_checked,unclear,https://developer.monday.com/,https://developer.monday.com/api-reference/docs,https://developer.monday.com/apps/docs/oauth,,https://developer.monday.com/ | https://developer.monday.com/api-reference/docs | https://developer.monday.com/apps/docs/oauth | https://monday.com/,buildable_with_caveats; primary blocker is admin_setup_required.
77,ClickUp,Productivity and Project Management,"ClickUp is a productivity or project management platform for tasks, docs, teams, and workflow coordination.",unclear,unclear,unclear,self_serve_free_or_trial,First-pass extraction found public developer/API documentation and no obvious discovery-stage sales or partner gate.,yes,"REST, Webhooks",moderate,"First-pass API surface classified as moderate using discovered REST, Webhooks source evidence.",none_found,,buildable_now,none,8,medium,0.68,not_checked,unclear,https://clickup.com/api,https://clickup.com/api,,,https://clickup.com/ | https://clickup.com/api,moderate API surface with self_serve_free_or_trial access; first-pass toolkit candidate.
78,Coda,Productivity and Project Management,"Coda is a productivity or project management platform for tasks, docs, teams, and workflow coordination.",unclear,unclear,unclear,self_serve_free_or_trial,First-pass extraction found public developer/API documentation and no obvious discovery-stage sales or partner gate.,yes,"REST, Webhooks",moderate,"First-pass API surface classified as moderate using discovered REST, Webhooks source evidence.",none_found,,buildable_now,none,8,medium,0.68,not_checked,unclear,https://coda.io/developers,https://coda.io/developers/apis/v1,,,https://coda.io/ | https://coda.io/developers | https://coda.io/developers/apis/v1,moderate API surface with self_serve_free_or_trial access; first-pass toolkit candidate.
79,Smartsheet,Productivity and Project Management,"Smartsheet is a productivity or project management platform for tasks, docs, teams, and workflow coordination.",unclear,unclear,moderate,admin_or_workspace_dependent,"Credentials appear tied to an org, workspace, tenant, or app installation context.",yes,"REST, Webhooks",moderate,"First-pass API surface classified as moderate using discovered REST, Webhooks source evidence.",none_found,,buildable_with_caveats,admin_setup_required,7,medium,0.68,not_checked,unclear,https://smartsheet.redoc.ly/,https://smartsheet.redoc.ly/,,,https://smartsheet.com/ | https://smartsheet.redoc.ly/,buildable_with_caveats; primary blocker is admin_setup_required.
80,Harvest,Productivity and Project Management,"Harvest is a productivity or project management platform for tasks, docs, teams, and workflow coordination.",OAuth 2.0,OAuth 2.0,moderate,self_serve_free_or_trial,First-pass extraction found public developer/API documentation and no obvious discovery-stage sales or partner gate.,yes,"REST, Webhooks",moderate,"First-pass API surface classified as moderate using discovered REST, Webhooks source evidence.",none_found,,buildable_now,none,8,medium,0.68,not_checked,unclear,https://help.getharvest.com/api-v2/,https://help.getharvest.com/api-v2/,https://help.getharvest.com/api-v2/authentication-api/authentication/authentication/,,https://getharvest.com/ | https://help.getharvest.com/api-v2/ | https://help.getharvest.com/api-v2/authentication-api/authentication/authentication/,moderate API surface with self_serve_free_or_trial access; first-pass toolkit candidate.
81,Stripe,Finance and Fintech,"Stripe is a finance or fintech platform for payments, accounting, banking, spend, or financial data workflows.",API key / bearer token,API key / bearer token,simple,self_serve_free_or_trial,First-pass extraction found public developer/API documentation and no obvious discovery-stage sales or partner gate.,yes,REST,broad,First-pass API surface classified as broad using discovered REST source evidence.,none_found,,buildable_now,none,9,medium,0.68,not_checked,unclear,https://docs.stripe.com/,https://docs.stripe.com/api,https://docs.stripe.com/keys,,https://docs.stripe.com/ | https://docs.stripe.com/api | https://docs.stripe.com/keys | https://stripe.com/,broad API surface with self_serve_free_or_trial access; first-pass toolkit candidate.
82,Plaid,Finance and Fintech,"Plaid is a finance or fintech platform for payments, accounting, banking, spend, or financial data workflows.",API key / bearer token,API key / bearer token,simple,self_serve_free_or_trial,First-pass extraction found public developer/API documentation and no obvious discovery-stage sales or partner gate.,yes,REST,broad,First-pass API surface classified as broad using discovered REST source evidence.,none_found,,buildable_now,none,9,medium,0.68,not_checked,unclear,https://plaid.com/docs/,https://plaid.com/docs/api/,https://plaid.com/docs/api/tokens/,,https://plaid.com/ | https://plaid.com/docs/ | https://plaid.com/docs/api/ | https://plaid.com/docs/api/tokens/,broad API surface with self_serve_free_or_trial access; first-pass toolkit candidate.
83,Binance,Finance and Fintech,"Binance is a finance or fintech platform for payments, accounting, banking, spend, or financial data workflows.",API key / bearer token,API key / bearer token,simple,self_serve_free_or_trial,First-pass extraction found public developer/API documentation and no obvious discovery-stage sales or partner gate.,yes,REST,moderate,First-pass API surface classified as moderate using discovered REST source evidence.,none_found,,buildable_now,none,8,medium,0.68,not_checked,unclear,https://developers.binance.com/docs,https://developers.binance.com/docs/binance-spot-api-docs/rest-api/general-api-information,,,https://binance-docs.github.io/ | https://developers.binance.com/docs | https://developers.binance.com/docs/binance-spot-api-docs/rest-api/general-api-information,moderate API surface with self_serve_free_or_trial access; first-pass toolkit candidate.
84,Paygent Connect,Finance and Fintech,"Paygent Connect is a finance or fintech platform for payments, accounting, banking, spend, or financial data workflows.",unclear,unclear,complex,partner_or_contact_sales_gated,"First-pass rubric marks this app as gated because access commonly depends on app review, partner approval, business verification, or sales contact.",no_or_unclear,unknown,none_or_unclear,First-pass API surface classified as none_or_unclear using discovered unknown source evidence.,unclear,,possible_but_gated,app_review_or_business_verification,5,low,0.15,flagged,yes,,,,,,possible_but_gated; primary blocker is app_review_or_business_verification.
85,iPayX,Finance and Fintech,"iPayX is a finance or fintech platform for payments, accounting, banking, spend, or financial data workflows.",unclear,unclear,unclear,self_serve_free_or_trial,First-pass extraction found public developer/API documentation and no obvious discovery-stage sales or partner gate.,yes,REST,moderate,First-pass API surface classified as moderate using discovered REST source evidence.,none_found,,buildable_now,none,8,medium,0.68,not_checked,unclear,https://ipayx.ai/docs,https://ipayx.ai/docs,,,https://ipayx.ai/ | https://ipayx.ai/docs,moderate API surface with self_serve_free_or_trial access; first-pass toolkit candidate.
86,QuickBooks,Finance and Fintech,"QuickBooks is a finance or fintech platform for payments, accounting, banking, spend, or financial data workflows.",OAuth 2.0,OAuth 2.0,moderate,admin_or_workspace_dependent,"Credentials appear tied to an org, workspace, tenant, or app installation context.",yes,REST,broad,First-pass API surface classified as broad using discovered REST source evidence.,none_found,,buildable_with_caveats,admin_setup_required,7,medium,0.68,not_checked,unclear,https://developer.intuit.com/app/developer/qbo/docs/get-started,https://developer.intuit.com/app/developer/qbo/docs/api/accounting/all-entities/account,https://developer.intuit.com/app/developer/qbo/docs/develop/authentication-and-authorization,,https://developer.intuit.com/app/developer/qbo/docs/api/accounting/all-entities/account | https://developer.intuit.com/app/developer/qbo/docs/develop/authentication-and-authorization | https://developer.intuit.com/app/developer/qbo/docs/get-started | https://intuit.com/,buildable_with_caveats; primary blocker is admin_setup_required.
87,Xero,Finance and Fintech,"Xero is a finance or fintech platform for payments, accounting, banking, spend, or financial data workflows.",OAuth 2.0,OAuth 2.0,moderate,admin_or_workspace_dependent,"Credentials appear tied to an org, workspace, tenant, or app installation context.",yes,REST,broad,First-pass API surface classified as broad using discovered REST source evidence.,none_found,,buildable_with_caveats,admin_setup_required,7,medium,0.68,not_checked,unclear,https://developer.xero.com/documentation/,https://developer.xero.com/documentation/api/accounting/overview,https://developer.xero.com/documentation/guides/oauth2/overview,,https://developer.xero.com/documentation/ | https://developer.xero.com/documentation/api/accounting/overview | https://developer.xero.com/documentation/guides/oauth2/overview | https://xero.com/,buildable_with_caveats; primary blocker is admin_setup_required.
88,Brex,Finance and Fintech,"Brex is a finance or fintech platform for payments, accounting, banking, spend, or financial data workflows.",unclear,unclear,unclear,self_serve_paid_plan_required,"Likely self-serve API access, but useful access may depend on a paid plan or commercial account.",yes,REST,moderate,First-pass API surface classified as moderate using discovered REST source evidence.,none_found,,buildable_with_caveats,paid_plan_required,6,medium,0.68,not_checked,unclear,https://developer.brex.com/,https://developer.brex.com/openapi,,,https://brex.com/ | https://developer.brex.com/ | https://developer.brex.com/openapi,buildable_with_caveats; primary blocker is paid_plan_required.
89,Ramp,Finance and Fintech,"Ramp is a finance or fintech platform for payments, accounting, banking, spend, or financial data workflows.",unclear,unclear,unclear,self_serve_paid_plan_required,"Likely self-serve API access, but useful access may depend on a paid plan or commercial account.",yes,REST,moderate,First-pass API surface classified as moderate using discovered REST source evidence.,none_found,,buildable_with_caveats,paid_plan_required,6,medium,0.68,not_checked,unclear,https://docs.ramp.com/,https://docs.ramp.com/developer-api/v1/overview/introduction,,,https://docs.ramp.com/ | https://docs.ramp.com/developer-api/v1/overview/introduction | https://ramp.com/,buildable_with_caveats; primary blocker is paid_plan_required.
90,PitchBook,Finance and Fintech,"PitchBook is a finance or fintech platform for payments, accounting, banking, spend, or financial data workflows.",unclear,unclear,complex,partner_or_contact_sales_gated,"First-pass rubric marks this app as gated because access commonly depends on app review, partner approval, business verification, or sales contact.",no_or_unclear,unknown,none_or_unclear,First-pass API surface classified as none_or_unclear using discovered unknown source evidence.,unclear,,possible_but_gated,app_review_or_business_verification,5,low,0.3,flagged,yes,,,,,https://pitchbook.com/,possible_but_gated; primary blocker is app_review_or_business_verification.
91,NotebookLM,"AI, Research and Media-native","NotebookLM is a AI, research, meeting, or media-native product for knowledge, content, or automation workflows.",unclear,unclear,complex,partner_or_contact_sales_gated,"First-pass rubric marks this app as gated because access commonly depends on app review, partner approval, business verification, or sales contact.",yes,REST,moderate,First-pass API surface classified as moderate using discovered REST source evidence.,none_found,,possible_but_gated,app_review_or_business_verification,5,medium,0.68,not_checked,unclear,https://cloud.google.com/gemini,https://cloud.google.com/vertex-ai/generative-ai/docs/model-reference/gemini,,,https://cloud.google.com/ | https://cloud.google.com/gemini | https://cloud.google.com/vertex-ai/generative-ai/docs/model-reference/gemini,possible_but_gated; primary blocker is app_review_or_business_verification.
92,Otter AI,"AI, Research and Media-native","Otter AI is a AI, research, meeting, or media-native product for knowledge, content, or automation workflows.",unclear,unclear,unclear,self_serve_free_or_trial,First-pass extraction found public developer/API documentation and no obvious discovery-stage sales or partner gate.,yes,"REST, MCP",moderate,"First-pass API surface classified as moderate using discovered REST, MCP source evidence.",official,https://help.otter.ai/hc/en-us/articles/40159228153751-Otter-MCP-Server,buildable_now,none,8,medium,0.65,not_checked,unclear,https://help.otter.ai/,,,,https://help.otter.ai/ | https://help.otter.ai/hc/en-us/articles/40159228153751-Otter-MCP-Server | https://otter.ai/,moderate API surface with self_serve_free_or_trial access; first-pass toolkit candidate.
93,Fathom,"AI, Research and Media-native","Fathom is a AI, research, meeting, or media-native product for knowledge, content, or automation workflows.",unclear,unclear,unclear,unclear,Insufficient discovered sources to classify credential access.,no_or_unclear,unknown,none_or_unclear,First-pass API surface classified as none_or_unclear using discovered unknown source evidence.,unclear,,unclear_needs_review,unclear_access,2,low,0.2,flagged,yes,,,,,https://fathom.video/,unclear_needs_review; primary blocker is unclear_access.
94,Consensus,"AI, Research and Media-native","Consensus is a AI, research, meeting, or media-native product for knowledge, content, or automation workflows.",unclear,unclear,unclear,unclear,Insufficient discovered sources to classify credential access.,no_or_unclear,unknown,none_or_unclear,First-pass API surface classified as none_or_unclear using discovered unknown source evidence.,unclear,,unclear_needs_review,unclear_access,2,low,0.2,flagged,yes,,,,,https://consensus.app/,unclear_needs_review; primary blocker is unclear_access.
95,Reducto,"AI, Research and Media-native","Reducto is a AI, research, meeting, or media-native product for knowledge, content, or automation workflows.",unclear,unclear,unclear,unclear,Insufficient discovered sources to classify credential access.,no_or_unclear,unknown,none_or_unclear,First-pass API surface classified as none_or_unclear using discovered unknown source evidence.,unclear,,unclear_needs_review,unclear_access,2,low,0.2,flagged,yes,,,,,https://reducto.ai/,unclear_needs_review; primary blocker is unclear_access.
96,Devin,"AI, Research and Media-native","Devin is a AI, research, meeting, or media-native product for knowledge, content, or automation workflows.",unclear,unclear,unclear,self_serve_free_or_trial,First-pass extraction found public developer/API documentation and no obvious discovery-stage sales or partner gate.,yes,"REST, MCP",moderate,"First-pass API surface classified as moderate using discovered REST, MCP source evidence.",official,https://docs.devin.ai/integrations/mcp,buildable_now,none,8,medium,0.68,not_checked,unclear,https://docs.devin.ai/,https://docs.devin.ai/api-reference/overview,,,https://devin.ai/ | https://docs.devin.ai/ | https://docs.devin.ai/api-reference/overview | https://docs.devin.ai/integrations/mcp,moderate API surface with self_serve_free_or_trial access; first-pass toolkit candidate.
97,higgsfield,"AI, Research and Media-native","higgsfield is a AI, research, meeting, or media-native product for knowledge, content, or automation workflows.",unclear,unclear,unclear,unclear,Insufficient discovered sources to classify credential access.,no_or_unclear,unknown,none_or_unclear,First-pass API surface classified as none_or_unclear using discovered unknown source evidence.,unclear,,unclear_needs_review,unclear_access,2,low,0.2,flagged,yes,,,,,https://higgsfield.ai/,unclear_needs_review; primary blocker is unclear_access.
98,Mermaid CLI,"AI, Research and Media-native","Mermaid CLI is a AI, research, meeting, or media-native product for knowledge, content, or automation workflows.",No hosted app auth / CLI or open-source usage,No hosted app auth / CLI or open-source usage,simple,self_serve_free_or_trial,First-pass extraction found public developer/API documentation and no obvious discovery-stage sales or partner gate.,no_or_unclear,REST,none_or_unclear,First-pass API surface classified as none_or_unclear using discovered REST source evidence.,none_found,,unclear_needs_review,unclear_access,2,low,0.35,flagged,yes,https://github.com/mermaid-js/mermaid-cli,https://github.com/mermaid-js/mermaid-cli,,,https://github.com/ | https://github.com/mermaid-js/mermaid-cli,unclear_needs_review; primary blocker is unclear_access.
99,YouTube Transcript,"AI, Research and Media-native","YouTube Transcript is a AI, research, meeting, or media-native product for knowledge, content, or automation workflows.",API key / bearer token,API key / bearer token,simple,self_serve_free_or_trial,First-pass extraction found public developer/API documentation and no obvious discovery-stage sales or partner gate.,yes,REST,moderate,First-pass API surface classified as moderate using discovered REST source evidence.,none_found,,buildable_now,none,8,medium,0.68,not_checked,unclear,https://transcriptapi.com/,https://transcriptapi.com/docs,,,https://transcriptapi.com/ | https://transcriptapi.com/docs,moderate API surface with self_serve_free_or_trial access; first-pass toolkit candidate.
100,Grain,"AI, Research and Media-native","Grain is a AI, research, meeting, or media-native product for knowledge, content, or automation workflows.",unclear,unclear,unclear,unclear,Insufficient discovered sources to classify credential access.,no_or_unclear,unknown,none_or_unclear,First-pass API surface classified as none_or_unclear using discovered unknown source evidence.,unclear,,unclear_needs_review,unclear_access,2,low,0.2,flagged,yes,,,,,https://grain.com/,unclear_needs_review; primary blocker is unclear_access.
